,symbol,open,dayMax,dayMin,close,volume,exchange,currency,shortName,askSize,ask,bid,bidSize,symbol_D_BA,open_D_BA,dayMax_D_BA,dayMin_D_BA,close_D_BA,volume_D_BA,exchange_D_BA,currency_D_BA,shortName_D_BA,askSize_D_BA,ask_D_BA,bid_D_BA,bidSize_D_BA,base_symbol,symbol_BA,open_BA,dayMax_BA,dayMin_BA,close_BA,volume_BA,exchange_BA,currency_BA,shortName_BA,askSize_BA,ask_BA,bid_BA,bidSize_BA,MEP,MEP_compra_ARS,MEP_compra_USD
0,,,,,,,,,,,,,,AALD.BA,6.45,6.45,6.45,6.45,4.0,BUE,USD,American Airlines Group Inc.,10.0,6.4,7.6,5.0,AAL,AAL.BA,5333.5,5394.5,5102.5,5327.5,4627.0,BUE,ARS,AMERICAN AIRLINES GROUP INC.,1.0,5288.5,5335.0,70.0,826.8992248062016,695.8552631578948,833.59375
1,,,,,,,,,,,,,,AAPLD.BA,18.5,18.9,17.85,18.05,4569.0,BUE,USD,Apple,10.0,17.0,22.0,5.0,AAPL,AAPL.BA,14497.5,14956.5,14141.0,14863.5,64621.0,BUE,ARS,Apple,3.0,14888.0,14890.0,119.0,783.6486486486486,676.7272727272727,875.8823529411765
2,,,,,,,,,,,,,,ABBVD.BA,16.0,16.0,16.0,16.0,0.0,BUE,USD,Abbvie Inc.,24.0,14.75,17.5,1.0,ABBV,ABBV.BA,12267.0,12819.0,11968.0,12718.0,1953.0,BUE,ARS,AbbVie Inc.,8.0,12543.0,12854.0,6.0,766.6875,716.7428571428571,871.457627118644
3,,,,,,,,,,,,,,ABEVD.BA,9.05,9.05,9.05,9.05,0.0,BUE,USD,Ambev,3.0,7.5,8.0,29.0,ABEV,ABEV.BA,6444.0,6580.0,6335.5,6490.0,783.0,BUE,ARS,Ambev,8.0,6465.5,6503.0,8.0,712.0441988950275,808.1875,867.0666666666667
4,,,,,,,,,,,,,,ABNBD.BA,9.76,9.76,9.76,9.76,20.0,BUE,USD,"Airbnb, Inc.",5.0,8.76,10.0,5.0,ABNB,ABNB.BA,7500.0,7500.0,7107.5,7340.5,1106.0,BUE,ARS,"Airbnb, Inc.",25.0,7275.0,7405.5,10.0,768.4426229508197,727.5,845.3767123287671
5,,,,,,,,,,,,,,ABTD.BA,27.0,27.0,27.0,27.0,0.0,BUE,USD,Abbott Laboratories,14.0,24.05,33.0,10.0,ABT,ABT.BA,19821.5,20884.0,19600.0,20666.5,393.0,BUE,ARS,Abbott Laboratories,1.0,19874.0,20884.0,2.0,734.1296296296297,602.2424242424242,868.3575883575884
6,,,,,,,,,,,,,,AMDD.BA,10.6,11.0,10.45,10.5,205.0,BUE,USD,Advanced Micro Devices,1.0,3.22,12.1,85.0,AMD,AMD.BA,8550.0,8690.0,8287.0,8601.5,18524.0,BUE,ARS,Advanced Micro Devices,2.0,8595.0,8623.0,24.0,806.6037735849056,710.3305785123968,2677.950310559006
7,,,,,,,,,,,,,,AMZND.BA,0.997,0.997,0.908,0.93,16388.0,BUE,USD,Amazon,105.0,0.918,0.93,78.0,AMZN,AMZN.BA,747.0,756.0,721.0,748.0,245077.0,BUE,ARS,Amazon ,1.0,720.0,760.0,50.0,749.247743229689,774.1935483870967,827.8867102396514
8,,,,,,,,,,,,,,ARKKD.BA,4.05,4.05,4.0,4.0,97.0,BUE,USD,Etf Ark Innovation,893.0,4.0,4.4,10.0,ARKK,ARKK.BA,3238.0,3316.0,3143.0,3272.0,12482.0,BUE,ARS,Etf Ark Innovation,25.0,3273.0,3274.0,101.0,799.5061728395062,743.8636363636363,818.5
9,,,,,,,,,,,,,,AVGOD.BA,22.0,22.0,22.0,22.0,0.0,BUE,USD,Broadcom Inc.,11.0,20.95,24.5,3.0,AVGO,AVGO.BA,17600.0,18150.0,17421.0,18070.0,779.0,BUE,ARS,Broadcom Inc.,1.0,17850.0,18100.0,50.0,800.0,728.5714285714286,863.9618138424821
10,,,,,,,,,,,,,,AXPD.BA,10.05,10.35,10.05,10.35,34.0,BUE,USD,American Express,56.0,10.85,11.6,10.0,AXP,AXP.BA,8377.0,8439.5,8080.0,8380.0,1516.0,BUE,ARS,American Express,5.0,8311.0,8380.0,71.0,833.5323383084576,716.4655172413793,772.3502304147465
11,,,,,,,,,,,,,,AZND.BA,36.55,36.9,35.85,35.85,0.0,BUE,USD,Astrazeneca,10.0,33.35,36.5,2.0,AZN,AZN.BA,27346.5,28750.0,27296.5,28648.5,2854.0,BUE,ARS,Astrazeneca,4.0,28390.0,28683.5,2.0,748.1942544459645,777.8082191780821,860.0749625187406
12,,,,,,,,,,,,,,BABAD.BA,10.2,10.25,9.8,10.0,445.0,BUE,USD,Alibaba Group,10.0,8.91,11.0,10.0,BABA,BABA.BA,7844.0,8160.0,7730.5,8086.0,8602.0,BUE,ARS,Alibaba Group,20.0,8060.5,8120.0,44.0,769.0196078431374,732.7727272727273,911.3355780022447
13,,,,,,,,,,,,,,BAD.BA,35.0,35.0,35.0,35.0,0.0,BUE,USD,Boeing,156.0,33.1,39.5,27.0,BA,BA.BA,26500.0,27420.0,26306.0,27219.5,483.0,BUE,ARS,Boeing,4.0,27100.0,27250.0,7.0,757.1428571428571,686.0759493670886,823.2628398791541
14,,,,,,,,,,,,,,BBD.BA,2341.5,2375.0,2259.0,2327.5,84372.0,BUE,ARS,Banco Bradesco S.A.,1.0,2323.0,2327.5,59.0,BBD,BBD.BA,2341.5,2375.0,2259.0,2327.5,84372.0,BUE,ARS,Banco Bradesco S.A.,1.0,2323.0,2327.5,59.0,1.0,0.9980665950590762,1.0019371502367629
15,,,,,,,,,,,,,,BBDD.BA,2.92,2.92,2.78,2.78,47.0,BUE,USD,Banco Bradesco S.A.,70.0,2.85,3.1,100.0,BBD,BBD.BA,2341.5,2375.0,2259.0,2327.5,84372.0,BUE,ARS,Banco Bradesco S.A.,1.0,2323.0,2327.5,59.0,801.8835616438356,749.3548387096774,816.6666666666666
16,,,,,,,,,,,,,,BBVD.BA,8.62,8.62,8.62,8.62,2.0,BUE,USD,CEDEAR BBV SA,618.0,8.44,8.58,619.0,BBVA,BBV.BA,6740.0,7014.0,6654.5,6960.5,2743.0,BUE,ARS,Banco Bilbao Vizcaya Argentaria,1.0,6690.5,6980.0,493.0,781.9025522041765,779.7785547785547,827.0142180094787
17,,,,,,,,,,,,,,BIDUD.BA,12.6,12.6,12.6,12.6,16.0,BUE,USD,Baidu,19.0,11.8,12.9,1.0,BIDU,BIDU.BA,10000.0,10250.0,9743.0,10146.5,1266.0,BUE,ARS,Baidu,4.0,10042.0,10250.0,10.0,793.6507936507936,778.4496124031008,868.6440677966101
18,,,,,,,,,,,,,,BIOXD.BA,23.8,23.8,21.85,21.85,14.0,BUE,USD,Bioceres Crop Solutions Corp,1.0,22.0,23.75,38.0,BIOX,BIOX.BA,18304.5,18304.5,17550.0,18002.5,1506.0,BUE,ARS,Bioceres Crop Solutions Corp.,5.0,17900.0,18100.0,1.0,769.0966386554621,753.6842105263158,822.7272727272727
19,,,,,,,,,,,,,,BITFD.BA,5.33,5.33,5.2,5.2,8.0,BUE,USD,Bitfarms Ltd.,103.0,5.2,6.2,30.0,BITF,BITF.BA,4400.0,4400.0,4110.0,4204.0,18836.0,BUE,ARS,Bitfarms Ltd.,3.0,4197.0,4285.0,15.0,825.5159474671669,676.9354838709677,824.0384615384615
20,,,,,,,,,,,,,,BPD.BA,8.6,8.6,8.6,8.6,0.0,BUE,USD,BP,47.0,7.54,8.07,1.0,BP,BP.BA,6210.5,6600.0,6181.0,6562.5,1306.0,BUE,ARS,BP,4000.0,6463.0,6504.5,1600.0,722.1511627906978,800.8674101610904,862.6657824933687
21,,,,,,,,,,,,,,BRKBD.BA,17.3,17.3,16.0,16.5,5167.0,BUE,USD,Berkshire Hathaway,10.0,16.1,16.5,26.0,BRKB,BRKB.BA,13150.0,13592.0,12928.0,13442.0,19879.0,BUE,ARS,Berkshire Hathaway,2.0,12500.0,14000.0,1.0,760.1156069364162,757.5757575757576,869.5652173913043
22,,,,,,,,,,,,,,CATD.BA,15.5,15.5,14.4,14.8,38.0,BUE,USD,Caterpillar,3.0,14.4,14.8,3.0,CAT,CAT.BA,11335.0,12000.0,11115.5,11716.5,1301.0,BUE,ARS,Caterpillar,3.0,11476.5,12000.0,8.0,731.2903225806451,775.4391891891892,833.3333333333333
23,,,,,,,,,,,,,,COIND.BA,3.15,3.15,3.15,3.15,40.0,BUE,USD,Coinbase Global Inc.,10.0,2.81,3.15,112.0,COIN,COIN.BA,2315.0,2370.0,2216.0,2312.5,53012.0,BUE,ARS,COINBASE GLOBAL INC.,4.0,2305.5,2325.0,10.0,734.9206349206349,731.9047619047619,827.4021352313167
24,,,,,,,,,,,,,,CSCOD.BA,11.4,11.45,11.3,11.3,111.0,BUE,USD,Cisco Systems,27.0,11.1,15.9,2.0,CSCO,CSCO.BA,8938.5,9331.5,8822.0,9300.0,1086.0,BUE,ARS,Cisco Systems,20.0,9198.0,9300.0,14.0,784.078947368421,578.4905660377358,837.8378378378378
25,,,,,,,,,,,,,,CVXD.BA,22.0,23.5,22.0,22.35,165.0,BUE,USD,Chevron,7.0,22.35,23.3,14.0,CVX,CVX.BA,17349.5,18140.0,17200.0,18003.5,1917.0,BUE,ARS,Chevron,1.0,17951.0,18088.5,5.0,788.6136363636364,770.4291845493563,809.3288590604026
26,,,,,,,,,,,,,,DED.BA,10.65,10.65,10.65,10.65,0.0,BUE,USD,Deere,4.0,8.5,11.5,25.0,DE,DE.BA,7830.0,8110.0,7655.5,7998.5,2110.0,BUE,ARS,Deere,3.0,7998.5,8085.0,38.0,735.2112676056338,695.5217391304348,951.1764705882352
27,,,,,,,,,,,,,,DESPD.BA,7.2,7.5,7.2,7.35,73.0,BUE,USD,Despegar,1.0,6.66,12.1,187.0,DESP,DESP.BA,6004.5,6100.0,5822.0,5936.0,3169.0,BUE,ARS,Despegar,14.0,5890.0,5975.0,20.0,833.9583333333333,486.77685950413223,897.1471471471472
28,,,,,,,,,,,,,,DIAD.BA,17.7,18.0,17.15,17.5,582.0,BUE,USD,Etf Spdr Dow Jones Industrial,9.0,17.15,23.0,4.0,DIA,DIA.BA,13800.0,14350.0,13669.5,14211.5,29185.0,BUE,ARS,Etf Spdr Dow Jones Industrial,1.0,14110.0,14250.0,20.0,779.6610169491526,613.4782608695652,830.9037900874637
29,,,,,,,,,,,,,,DISND.BA,7.29,7.29,7.0,7.1,1447.0,BUE,USD,The Walt Disney Company,22.0,7.1,7.15,24.0,DIS,DISN.BA,5685.5,5791.5,5523.0,5730.5,16993.0,BUE,ARS,The Walt Disney Company,44.0,5730.0,5730.5,784.0,779.9039780521261,801.3986013986014,807.112676056338
30,,,,,,,,,,,,,,DOCUD.BA,2.28,2.29,2.24,2.24,0.0,BUE,USD,Docusign Inc,110.0,2.05,2.8,1.0,DOCU,DOCU.BA,1568.5,1640.0,1545.0,1635.0,2071.0,BUE,ARS,DocuSign Inc.,54.0,1633.0,1635.5,92.0,687.9385964912282,583.2142857142858,797.8048780487806
31,,,,,,,,,,,,,,DOWD.BA,9.01,9.01,9.01,9.01,12.0,BUE,USD,Dow Inc.,15.0,8.1,10.0,13.0,DOW,DOW.BA,7225.5,7437.5,7074.0,7363.0,794.0,BUE,ARS,Dow Inc.,1.0,7242.5,7363.0,1400.0,801.9422863485017,724.25,909.0123456790124
32,,,,,,,,,,,,,,EAD.BA,10.0,10.0,10.0,10.0,0.0,BUE,USD,Electronic Arts Inc.,10.0,7.91,10.6,98.0,EA,EA.BA,7200.0,7500.0,7012.5,7500.0,875.0,BUE,ARS,ELECTRONIC ARTS INC.,4100.0,7323.5,7392.0,1600.0,720.0,690.8962264150944,934.5132743362832
33,,,,,,,,,,,,,,EBAYD.BA,22.0,22.7,22.0,22.7,0.0,BUE,USD,eBay,2.0,22.0,22.85,1.0,EBAY,EBAY.BA,17978.0,18525.0,17805.0,18376.5,191.0,BUE,ARS,eBay,21.0,18250.0,20000.0,3.0,817.1818181818181,798.6870897155361,909.0909090909091
34,,,,,,,,,,,,,,EEMD.BA,8.39,8.39,8.39,8.39,0.0,BUE,USD,Etf Ishares Msci Emerging Market,11.0,7.65,8.93,86.0,EEM,EEM.BA,6277.5,6501.5,6171.0,6422.0,2329.0,BUE,ARS,Etf Ishares Msci Emerging Market,12500.0,6414.0,6454.0,1800.0,748.2121573301549,718.2530795072788,843.6601307189542
35,,,,,,,,,,,,,,ERJD.BA,14.15,14.15,14.15,14.15,2.0,BUE,USD,Embraer S.A.,42.0,13.7,17.25,2.0,ERJ,ERJ.BA,11135.0,11620.0,10959.0,11305.0,565.0,BUE,ARS,Embraer S.A.,4.0,11264.0,11380.0,56.0,786.9257950530035,652.9855072463768,830.6569343065694
36,,,,,,,,,,,,,,ETSYD.BA,4.15,4.15,4.15,4.15,0.0,BUE,USD,Etsy Inc,1.0,4.0,6.5,11.0,ETSY,ETSY.BA,3320.0,3409.5,3275.0,3355.0,470.0,BUE,ARS,Etsy Inc.,1.0,3350.0,3365.0,10.0,799.9999999999999,515.3846153846154,841.25
37,,,,,,,,,,,,,,EWZD.BA,15.75,15.8,15.3,15.8,715.0,BUE,USD,Etf Ishares Msci Brazil,3.0,15.3,17.9,23.0,EWZ,EWZ.BA,12500.0,12800.0,12240.0,12588.0,6145.0,BUE,ARS,Etf Ishares Msci Brazil,1.0,12540.0,12761.0,31.0,793.6507936507936,700.5586592178771,834.0522875816993
38,,,,,,,,,,,,,,FD.BA,14.5,14.5,14.0,14.15,12.0,BUE,USD,Ford Motor Company,9.0,12.1,14.0,1.0,F,F.BA,10000.5,10509.5,9942.5,10372.0,2325.0,BUE,ARS,Ford Motor Company,4.0,10360.0,10447.0,1.0,689.6896551724138,740.0,863.3884297520661
39,,,,,,,,,,,,,,FDXD.BA,31.5,31.5,31.5,31.5,6.0,BUE,USD,FedEx,22.0,26.8,33.0,2.0,FDX,FDX.BA,21878.5,22695.0,21514.5,22338.0,690.0,BUE,ARS,FedEx,6.0,21530.0,22650.0,24.0,694.5555555555555,652.4242424242424,845.1492537313433
40,,,,,,,,,,,,,,GED.BA,14.8,15.0,14.8,14.9,0.0,BUE,USD,General Electric,0.0,0.0,17.8,25.0,GE,GE.BA,11306.0,11730.5,11102.0,11587.0,1556.0,BUE,ARS,General Electric,6.0,11550.0,11587.0,2.0,763.9189189189188,648.876404494382,inf
41,,,,,,,,,,,,,,GILDD.BA,19.65,19.65,19.65,19.65,1.0,BUE,USD,Gilead Sciences,12.0,18.65,21.9,1.0,GILD,GILD.BA,15410.0,16022.5,15100.0,15800.0,134.0,BUE,ARS,Gilead Sciences,600.0,15716.0,15900.0,3.0,784.2239185750636,717.6255707762557,852.5469168900805
42,,,,,,,,,,,,,,GLOBD.BA,11.8,11.85,10.95,11.1,112.0,BUE,USD,Globant,30.0,11.05,11.85,28.0,GLOB,GLOB.BA,9270.0,9343.5,9053.5,9170.5,8817.0,BUE,ARS,Globant,50.0,9180.0,9226.0,3.0,785.593220338983,774.6835443037975,834.9321266968325
43,,,,,,,,,,,,,,GMD.BA,6.0,6.0,6.0,6.0,0.0,BUE,USD,General Motors Co.,0.0,0.0,6.8,15.0,GM,GM.BA,4450.0,4575.5,4312.0,4505.0,1566.0,BUE,ARS,General Motors Co.,20.0,4493.0,4515.0,21.0,741.6666666666666,660.7352941176471,inf
44,,,,,,,,,,,,,,GOGLD.BA,2.59,2.59,2.35,2.38,4731.0,BUE,USD,Google,50.0,1.72,2.75,41.0,GOOGL,GOOGL.BA,1933.0,1990.0,1891.0,1967.0,72202.0,BUE,ARS,Google,67.0,1958.0,1970.0,349.0,746.3320463320464,712.0,1145.3488372093022
45,,,,,,,,,,,,,,GOLDD.BA,14.85,15.85,14.85,15.25,594.0,BUE,USD,Barrick Gold,201.0,14.9,15.6,33.0,GOLD,GOLD.BA,11996.5,12498.0,11800.0,12196.0,18541.0,BUE,ARS,Barrick Gold,1.0,12221.0,12300.0,625.0,807.8451178451179,783.3974358974359,825.5033557046979
46,,,,,,,,,,,,,,GPRKD.BA,10.95,10.95,10.95,10.95,0.0,BUE,USD,Geopark Ltd,10.0,10.0,13.6,40.0,GPRK,GPRK.BA,8600.0,9140.0,8508.0,8875.0,2002.0,BUE,ARS,Geopark Ltd.,2400.0,8730.5,8871.0,6.0,785.3881278538813,641.9485294117648,887.1
47,,,,,,,,,,,,,,GSD.BA,28.7,28.7,28.7,28.7,0.0,BUE,USD,Goldman Sachs,9.0,23.55,0.0,0.0,GS,GS.BA,20014.0,20605.5,19685.0,20228.5,567.0,BUE,ARS,Goldman Sachs,1.0,20227.0,20396.0,1200.0,697.3519163763067,inf,866.072186836518
48,,,,,,,,,,,,,,GSKD.BA,10.0,10.0,10.0,10.0,0.0,BUE,USD,GlaxoSmithKline,1.0,8.2,0.0,0.0,GSK,GSK.BA,7492.0,7830.0,7402.5,7785.0,221.0,BUE,ARS,GlaxoSmithKline,1.0,7782.0,7785.0,9.0,749.2,inf,949.3902439024391
49,,,,,,,,,,,,,,HALD.BA,22.65,22.65,22.65,22.65,0.0,BUE,USD,Halliburton,10.0,5.6,0.0,0.0,HAL,HAL.BA,16550.0,17336.5,16346.5,17328.0,211.0,BUE,ARS,Halliburton Co.,800.0,17144.0,17328.5,800.0,730.6843267108168,inf,3094.375
50,,,,,,,,,,,,,,HMYD.BA,3.82,4.07,3.82,4.05,51.0,BUE,USD,Harmony Gold,51.0,3.9,4.2,60.0,HMY,HMY.BA,3015.5,3260.0,3015.5,3250.0,11244.0,BUE,ARS,Harmony Gold ,1.0,3240.0,3250.0,1.0,789.3979057591623,771.4285714285714,833.3333333333334
51,,,,,,,,,,,,,,HUTD.BA,10.65,10.65,10.65,10.65,0.0,BUE,USD,Hut 8 Mining Corp.,0.0,0.0,10.15,180.0,HUT,HUT.BA,7958.0,8025.0,7755.0,7895.0,776.0,BUE,ARS,Hut 8 Mining Corp.,7.0,7850.0,7895.0,25.0,747.2300469483567,773.3990147783251,inf
52,,,,,,,,,,,,,,IBMD.BA,30.0,31.5,30.0,31.5,14.0,BUE,USD,IBM,4.0,30.0,31.5,63.0,IBM,IBM.BA,23510.0,24489.0,23172.0,24261.5,1123.0,BUE,ARS,Ibm,2.0,24000.0,24300.0,4.0,783.6666666666666,761.9047619047619,810.0
53,,,,,,,,,,,,,,INTCD.BA,7.5,7.78,7.23,7.74,624.0,BUE,USD,Intel,13.0,7.35,7.5,75.0,INTC,INTC.BA,5970.0,6239.0,5907.0,6143.0,10569.0,BUE,ARS,Intel,8.0,5760.0,6300.0,100.0,796.0,768.0,857.1428571428572
54,,,,,,,,,,,,,,ITUBD.BA,6.4,6.4,6.4,6.4,0.0,BUE,USD,Banco Itaú Unibanco S.A.,68.0,5.15,5.52,1.0,ITUB,ITUB.BA,4324.0,4520.0,4310.0,4399.5,1367.0,BUE,ARS,Banco Itaú Unibanco S.A.,31.0,4200.0,4400.0,1.0,675.625,760.8695652173914,854.3689320388349
55,,,,,,,,,,,,,,IWMD.BA,19.8,19.8,19.65,19.65,2.0,BUE,USD,Etf Ishares Trust Russell 2000,1.0,18.55,19.65,110.0,IWM,IWM.BA,15000.0,15000.0,14180.0,14757.5,3574.0,BUE,ARS,Etf Ishares Trust Russell 2000,1.0,14716.0,14840.0,30.0,757.5757575757575,748.9058524173029,800.0
56,,,,,,,,,,,,,,JMIAD.BA,3.0,3.0,2.9,2.9,16.0,BUE,USD,Jumia Technologies Ag,22.0,2.9,3.15,1.0,JMIA,JMIA.BA,2370.0,2468.0,2304.5,2355.5,19381.0,BUE,ARS,Jumia Technologies AG,2.0,2300.0,2390.0,25.0,790.0,730.1587301587301,824.1379310344828
57,,,,,,,,,,,,,,JNJD.BA,11.0,11.8,10.6,10.8,303.0,BUE,USD,Johnson & Johnson,8.0,10.6,11.5,49.0,JNJ,JNJ.BA,8899.0,8989.5,8482.0,8989.5,8801.0,BUE,ARS,Johnson & Johnson,84.0,8931.0,8989.5,9.0,809.0,776.6086956521739,848.0660377358491
58,,,,,,,,,,,,,,JPMD.BA,29.85,31.0,29.6,29.7,42.0,BUE,USD,JPMorgan Chase & Co.,25.0,29.7,31.0,4.0,JPM,JPM.BA,23800.0,24890.5,23574.0,24596.0,9076.0,BUE,ARS,Jpmorgan Chase & Co.,2.0,24428.0,24600.0,327.0,797.3199329983249,788.0,828.2828282828283
59,,,,,,,,,,,,,,KOD.BA,12.0,12.1,11.4,11.55,13537.0,BUE,USD,The Coca-Cola Company,20.0,11.45,11.9,800.0,KO,KO.BA,9250.0,9576.5,9083.0,9434.5,83516.0,BUE,ARS,The Coca-Cola Company,150.0,9465.0,9490.0,200.0,770.8333333333334,795.3781512605042,828.82096069869
60,,,,,,,,,,,,,,LMTD.BA,22.6,22.6,22.0,22.0,0.0,BUE,USD,Lockheed Martin,7.0,21.0,23.0,2.0,LMT,LMT.BA,17000.0,18000.0,16678.0,18000.0,987.0,BUE,ARS,Lockheed Martin,1.0,17265.0,18000.0,17.0,752.2123893805309,750.6521739130435,857.1428571428571
61,,,,,,,,,,,,,,MAD.BA,14.15,14.15,14.15,14.15,21.0,BUE,USD,Mastercard,5.0,11.0,14.15,30.0,MA,MA.BA,10060.0,10349.0,9828.5,10234.0,2520.0,BUE,ARS,Mastercard Inc.,74.0,10157.0,11000.0,2.0,710.9540636042402,717.809187279152,1000.0
62,,,,,,,,,,,,,,MCDD.BA,12.0,12.2,11.05,11.1,78.0,BUE,USD,Mcdonald's,37.0,11.05,11.7,2.0,MCD,MCD.BA,8945.0,9250.0,8803.5,9153.5,5646.0,BUE,ARS,McDonald's,95.0,9310.5,9373.0,1.0,745.4166666666666,795.7692307692308,848.235294117647
63,,,,,,,,,,,,,,MELID.BA,22.05,22.6,21.4,22.0,1191.0,BUE,USD,MercadoLibre,32.0,21.8,22.0,10.0,MELI,MELI.BA,17800.0,17800.0,17050.0,17607.0,10469.0,BUE,ARS,MercadoLibre,111.0,17630.0,17752.0,12.0,807.2562358276643,801.3636363636364,814.3119266055046
64,,,,,,,,,,,,,,METAD.BA,13.6,14.0,13.0,13.25,313.0,BUE,USD,Meta Platforms Inc,1.0,12.75,13.75,2.0,META,META.BA,10662.0,10882.0,10376.0,10818.5,7629.0,BUE,ARS,Meta Platforms Inc,1.0,10745.5,10769.0,9.0,783.9705882352941,781.4909090909091,844.6274509803922
65,,,,,,,,,,,,,,MMMD.BA,19.8,19.95,18.5,18.5,82.0,BUE,USD,3M,10.0,18.5,19.95,32.0,MMM,MMM.BA,15022.5,15434.0,14698.0,15354.5,1746.0,BUE,ARS,3M,5.0,15300.0,15355.0,2.0,758.7121212121211,766.9172932330828,830.0
66,,,,,,,,,,,,,,MOD.BA,12.0,12.6,11.3,11.3,75.0,BUE,USD,Altria Group,10.0,10.8,12.2,18.0,MO,MO.BA,8650.0,8943.0,8500.0,8837.5,1971.0,BUE,ARS,Altria Group,36.0,8459.0,9450.0,2.0,720.8333333333334,693.360655737705,874.9999999999999
67,,,,,,,,,,,,,,MRKD.BA,22.7,22.7,22.7,22.7,0.0,BUE,USD,Merck,5.0,16.1,22.5,47.0,MRK,MRK.BA,16992.0,17635.5,16732.5,17552.0,142.0,BUE,ARS,Merck,1.0,16840.0,17604.5,1500.0,748.546255506608,748.4444444444445,1093.447204968944
68,,,,,,,,,,,,,,MSFTD.BA,12.0,12.0,11.3,11.5,1028.0,BUE,USD,Microsoft,18.0,11.3,11.4,24.0,MSFT,MSFT.BA,8970.0,9063.0,8672.0,8986.0,14546.0,BUE,ARS,Microsoft,20.0,8995.0,9024.0,23.0,747.5,789.0350877192982,798.5840707964601
69,,,,,,,,,,,,,,MSTRD.BA,19.9,21.2,19.9,21.2,10.0,BUE,USD,Microstrategy Incorporated,10.0,12.55,22.0,15.0,MSTR,MSTR.BA,13749.0,13921.5,13028.5,13447.0,3564.0,BUE,ARS,MicroStrategy Incorporated,3745.0,13446.5,14600.0,14.0,690.9045226130654,611.2045454545455,1163.3466135458166
70,,,,,,,,,,,,,,MUD.BA,15.1,15.1,15.1,15.1,0.0,BUE,USD,"Micron Technology, Inc.",360.0,14.35,14.45,40.0,MU,MU.BA,11320.0,11894.0,11295.0,11782.0,288.0,BUE,ARS,"Micron Technology, Inc.",1200.0,11625.5,11782.0,31.0,749.6688741721855,804.5328719723184,821.0452961672474
71,,,,,,,,,,,,,,NFLXD.BA,25.35,26.1,24.95,26.1,9.0,BUE,USD,Netflix,3.0,24.9,25.8,67.0,NFLX,NFLX.BA,20180.0,20685.0,19674.0,20263.0,1389.0,BUE,ARS,Netflix,5.0,20270.0,21500.0,4.0,796.0552268244576,785.6589147286821,863.4538152610443
72,,,,,,,,,,,,,,NIOD.BA,2.45,2.45,2.25,2.27,423.0,BUE,USD,Nio Inc.,12.0,2.25,2.36,121.0,NIO,NIO.BA,1780.0,1885.0,1773.5,1871.0,13723.0,BUE,ARS,NIO INC.,3.0,1861.0,1877.5,100.0,726.530612244898,788.5593220338983,834.4444444444445
73,,,,,,,,,,,,,,NKED.BA,8.46,8.6,8.24,8.5,251.0,BUE,USD,Nike,227.0,8.4,8.5,7.0,NKE,NKE.BA,6600.0,6920.0,6500.0,6818.5,5884.0,BUE,ARS,Nike,49.0,6802.0,6840.0,5.0,780.1418439716311,800.2352941176471,814.2857142857142
74,,,,,,,,,,,,,,NVDAD.BA,20.3,20.3,19.45,19.8,401.0,BUE,USD,Nvidia,20.0,19.6,19.9,32.0,NVDA,NVDA.BA,15660.0,15856.0,15072.0,15650.0,16082.0,BUE,ARS,Nvidia,1.0,14194.0,20000.0,5.0,771.4285714285714,713.2663316582915,1020.408163265306
75,,,,,,,,,,,,,,NVSD.BA,27.5,27.5,27.5,27.5,0.0,BUE,USD,Novartis AG,5.0,20.1,28.5,23.0,NVS,NVS.BA,20741.0,21498.5,20741.0,21498.5,13.0,BUE,ARS,Novartis Ag,14.0,21201.0,21518.5,600.0,754.2181818181818,743.8947368421053,1070.5721393034826
76,,,,,,,,,,,,,,OXYD.BA,13.9,13.9,13.7,13.7,0.0,BUE,USD,Occidental Petroleum Corporation,1.0,12.0,13.6,5.0,OXY,OXY.BA,10432.0,10903.0,10214.5,10766.0,2910.0,BUE,ARS,Occidental Petroleum Corporation,7.0,10668.0,10827.5,2.0,750.5035971223022,784.4117647058823,902.2916666666666
77,,,,,,,,,,,,,,PAASD.BA,5.0,5.0,5.0,5.0,0.0,BUE,USD,Pan American Silver Corp.,14.0,4.65,5.9,11.0,PAAS,PAAS.BA,3770.0,3999.0,3734.5,3932.0,5907.0,BUE,ARS,Pan American Silver Corp.,25.0,3933.0,3957.0,33.0,754.0,666.6101694915254,850.9677419354838
78,,,,,,,,,,,,,,PANWD.BA,5.07,5.07,5.07,5.07,0.0,BUE,USD,"Palo Alto Networks, Inc.",1050.0,4.88,0.0,0.0,PANW,PANW.BA,3950.0,4067.0,3868.5,4026.0,961.0,BUE,ARS,"Palo Alto Networks, Inc.",5.0,3900.0,4007.5,3600.0,779.0927021696252,inf,821.2090163934427
79,,,,,,,,,,,,,,PBRD.BA,15.3,16.4,15.1,15.2,652.0,BUE,USD,Petroleo Brasileiro S.A.,22.0,13.0,20.0,4.0,PBR,PBR.BA,12190.0,12480.0,11928.0,12316.5,7789.0,BUE,ARS,Petroleo Brasileiro S.A.,30.0,12288.0,12347.0,4.0,796.7320261437908,614.4,949.7692307692307
80,,,,,,,,,,,,,,PEPD.BA,31.5,33.05,31.5,33.05,8.0,BUE,USD,Pepsico,8.0,29.1,33.05,55.0,PEP,PEP.BA,23350.0,24327.0,23031.0,24062.0,1550.0,BUE,ARS,PepsiCo,1.0,24067.0,24200.0,9.0,741.2698412698413,728.1996974281393,831.615120274914
81,,,,,,,,,,,,,,PFED.BA,18.55,19.0,17.8,18.95,500.0,BUE,USD,Pfizer,2.0,18.45,18.95,1.0,PFE,PFE.BA,14184.0,14792.5,13975.5,14647.5,7001.0,BUE,ARS,Pfizer,14.0,14590.0,14730.0,27.0,764.6361185983827,769.9208443271768,798.3739837398374
82,,,,,,,,,,,,,,PGD.BA,29.95,31.3,29.9,31.0,24.0,BUE,USD,Procter & Gamble,5.0,30.0,31.2,1.0,PG,PG.BA,24694.0,25386.0,24034.5,25084.5,7697.0,BUE,ARS,Procter & Gamble,32.0,25060.0,25900.0,4.0,824.5075125208681,803.2051282051282,863.3333333333334
83,,,,,,,,,,,,,,PYPLD.BA,7.66,7.8,7.6,7.62,215.0,BUE,USD,Paypal Holdings Inc.,30.0,7.55,7.75,15.0,PYPL,PYPL.BA,6075.0,6260.0,5933.0,6163.0,10135.0,BUE,ARS,Paypal Holdings Inc.,4.0,6148.0,6163.0,49.0,793.0809399477806,793.2903225806451,816.2913907284768
84,,,,,,,,,,,,,,QCOMD.BA,10.75,11.0,10.5,11.0,29.0,BUE,USD,Qualcomm,10.0,9.1,13.0,1.0,QCOM,QCOM.BA,8511.5,8705.0,8341.5,8608.0,4497.0,BUE,ARS,Qualcomm,2800.0,8615.0,8639.0,9.0,791.7674418604652,662.6923076923077,949.3406593406594
85,,,,,,,,,,,,,,QQQD.BA,19.95,19.95,18.5,19.0,635.0,BUE,USD,Etf Invesco Qqq Trust,15.0,18.8,19.0,3.0,QQQ,QQQ.BA,15000.0,15440.0,14720.0,15268.0,22775.0,BUE,ARS,Etf Invesco Qqq Trust,7100.0,15279.5,15310.0,7.0,751.8796992481203,804.1842105263158,814.3617021276596
86,,,,,,,,,,,,,,RIOD.BA,16.55,16.65,16.55,16.65,25.0,BUE,USD,Rio Tinto,10.0,15.65,16.95,5.0,RIO,RIO.BA,13015.0,13366.0,12677.0,13196.0,1120.0,BUE,ARS,Rio Tinto,1800.0,13202.0,13269.0,1000.0,786.404833836858,778.8790560471977,847.8594249201278
87,,,,,,,,,,,,,,SATLD.BA,1.47,1.49,1.47,1.49,0.0,BUE,USD,Satellogic Inc.,94.0,1.14,1.51,211.0,SATL,SATL.BA,950.5,999.0,909.0,986.0,11771.0,BUE,ARS,Satellogic Inc.,20.0,954.0,985.0,98.0,646.5986394557823,631.7880794701987,864.0350877192983
88,,,,,,,,,,,,,,SED.BA,1.25,1.25,1.2,1.2,0.0,BUE,USD,Sea Ltd.,0.0,0.0,1.7,300.0,SE,SE.BA,1147.0,1177.0,1097.0,1149.0,20313.0,BUE,ARS,Sea Ltd.,1.0,1135.0,1148.5,33.0,917.6,667.6470588235294,inf
89,,,,,,,,,,,,,,SHOPD.BA,0.52,0.52,0.5,0.5,1626.0,BUE,USD,Shopify Inc.,3.0,0.5,0.57,392.0,SHOP,SHOP.BA,405.0,424.0,393.5,415.5,77422.0,BUE,ARS,Shopify Inc.,2026.0,410.0,415.5,917.0,778.8461538461538,719.2982456140352,831.0
90,,,,,,,,,,,,,,SID.BA,15443.0,15740.0,15243.0,15567.0,312.0,BUE,ARS,Companhia Siderúrgica Nacional,3.0,15230.0,15724.5,700.0,SID,SID.BA,15443.0,15740.0,15243.0,15567.0,312.0,BUE,ARS,Companhia Siderúrgica Nacional,3.0,15230.0,15724.5,700.0,1.0,0.9685522592133295,1.0324688115561391
91,,,,,,,,,,,,,,SNOWD.BA,5.1,5.1,5.1,5.1,4.0,BUE,USD,Snowflake Inc,25.0,3.71,6.7,2.0,SNOW,SNOW.BA,4215.0,4349.0,4148.5,4236.5,857.0,BUE,ARS,Snowflake Inc.,70.0,4240.0,4500.0,34.0,826.4705882352941,632.8358208955224,1212.9380053908355
92,,,,,,,,,,,,,,SPGID.BA,8.75,8.75,8.73,8.73,0.0,BUE,USD,S&P Global Inc.,10.0,6.8,0.0,0.0,SPGI,SPGI.BA,6732.0,6932.5,6565.5,6905.0,2387.0,BUE,ARS,S&P GLOBAL INC.,1.0,6778.5,6905.0,3.0,769.3714285714286,inf,1015.4411764705883
93,,,,,,,,,,,,,,SPOTD.BA,6.0,6.2,5.87,5.9,32.0,BUE,USD,Spotify Technology S.A.,20.0,5.6,6.23,90.0,SPOT,SPOT.BA,4694.0,4800.0,4550.5,4757.5,2795.0,BUE,ARS,Spotify Technology S.A.,3.0,4662.0,4780.0,74.0,782.3333333333334,748.314606741573,853.5714285714287
94,,,,,,,,,,,,,,SPYD.BA,23.0,23.0,21.7,22.35,4678.0,BUE,USD,Etf Spdr S&P 500,11.0,22.2,25.5,8.0,SPY,SPY.BA,17783.5,18330.0,17456.0,18148.0,127960.0,BUE,ARS,Etf Spdr S&P 500,15.0,18200.0,18205.0,282.0,773.195652173913,713.7254901960785,820.0450450450451
95,,,,,,,,,,,,,,SQD.BA,2.37,2.37,2.37,2.37,0.0,BUE,USD,Square Inc,25.0,1.6,2.36,300.0,SQ,SQ.BA,1795.0,1830.0,1750.0,1810.0,18171.0,BUE,ARS,Square Inc.,9.0,1790.5,1810.0,894.0,757.3839662447257,758.6864406779662,1131.25
96,,,,,,,,,,,,,,TD.BA,5.46,5.79,5.24,5.7,712.0,BUE,USD,AT&T,248.0,5.5,5.7,15.0,T,T.BA,4150.0,4272.0,4050.0,4270.0,19090.0,BUE,ARS,At&T,1.0,4260.0,4270.0,1.0,760.07326007326,747.3684210526316,776.3636363636364
97,,,,,,,,,,,,,,TEND.BA,36.4,36.4,36.4,36.4,0.0,BUE,USD,Tenaris,2.0,23.5,36.8,2.0,TEN,TEN.BA,25267.0,26577.0,25087.5,26421.5,3580.0,BUE,ARS,Tenaris,5.0,26250.0,26377.0,8.0,694.1483516483516,713.3152173913044,1122.4255319148936
98,,,,,,,,,,,,,,TMD.BA,37.9,37.9,37.9,37.9,0.0,BUE,USD,Toyota Motors,6.0,34.55,41.0,5.0,TM,TM.BA,29250.5,30313.5,28424.5,29899.5,542.0,BUE,ARS,Toyota Motors,15.0,29400.0,30069.0,1.0,771.7810026385224,717.0731707317074,870.3039073806079
99,,,,,,,,,,,,,,TSLAD.BA,18.15,18.8,17.15,17.5,1880.0,BUE,USD,Tesla,12.0,17.3,17.95,16.0,TSLA,TSLA.BA,14184.0,14376.0,13510.0,14163.0,22806.0,BUE,ARS,Tesla,2.0,14127.0,14180.0,96.0,781.4876033057852,787.0194986072423,819.6531791907514
100,,,,,,,,,,,,,,TWLOD.BA,2.0,2.0,2.0,2.0,0.0,BUE,USD,Twilio Inc.,25.0,1.31,2.18,6.0,TWLO,TWLO.BA,1335.0,1369.0,1300.5,1355.0,1242.0,BUE,ARS,TWILIO INC.,1113.0,1330.0,1355.0,8001.0,667.5,610.091743119266,1034.351145038168
101,,,,,,,,,,,,,,TXRD.BA,21.05,21.05,20.2,20.2,0.0,BUE,USD,Ternium,55.0,19.8,21.2,10.0,TXR,TXR.BA,16100.0,16470.0,15702.0,16340.0,1809.0,BUE,ARS,Ternium,5.0,16250.0,16340.0,17.0,764.8456057007126,766.5094339622642,825.2525252525252
102,,,,,,,,,,,,,,UALD.BA,10.75,10.75,10.75,10.75,0.0,BUE,USD,"United Airlines Holdings, Inc.",610.0,8.54,0.0,0.0,UAL,UAL.BA,6814.0,7075.0,6737.5,7005.0,647.0,BUE,ARS,"United Airlines Holdings, Inc.",3.0,6917.0,7500.0,61.0,633.8604651162791,inf,878.2201405152226
103,,,,,,,,,,,,,,UBERD.BA,14.0,14.7,14.0,14.7,0.0,BUE,USD,"Uber Technologies, Inc.",1.0,14.95,0.0,0.0,UBER,UBER.BA,19100.0,19331.0,18479.5,19175.5,217.0,BUE,ARS,"Uber Technologies, Inc.",1.0,19100.0,19321.5,1900.0,1364.2857142857142,inf,1292.408026755853
104,,,,,,,,,,,,,,UNHD.BA,16.4,16.4,16.4,16.4,66.0,BUE,USD,UnitedHealth Group Inc.,5.0,12.75,18.2,4.0,UNH,UNH.BA,12972.0,13496.0,12749.0,13493.0,2203.0,BUE,ARS,UnitedHealth Group Inc.,50.0,13295.0,13364.5,2200.0,790.9756097560976,730.4945054945056,1048.1960784313726
105,,,,,,,,,,,,,,UNPD.BA,11.0,11.0,11.0,11.0,0.0,BUE,USD,Union Pacific Corp.,5.0,9.25,12.0,15.0,UNP,UNP.BA,8558.0,8836.5,8372.0,8836.0,376.0,BUE,ARS,Union Pacific Corp.,5.0,8615.0,8836.0,28.0,778.0,717.9166666666666,955.2432432432432
106,,,,,,,,,,,,,,UPSTD.BA,6.06,6.1,5.91,6.08,0.0,BUE,USD,"Upstart Holdings, Inc.",930.0,5.59,8.0,23.0,UPST,UPST.BA,4478.5,4641.5,4274.0,4482.0,2876.0,BUE,ARS,"Upstart Holdings, Inc.",156.0,4481.5,4539.5,1.0,739.0264026402641,560.1875,812.0751341681574
107,,,,,,,,,,,,,,VALED.BA,6.85,7.13,6.6,6.6,171.0,BUE,USD,Vale,6.0,6.7,7.14,120.0,VALE,VALE.BA,5478.0,5617.0,5348.0,5535.5,10906.0,BUE,ARS,Vale,5.0,4800.0,5544.0,851.0,799.7080291970804,672.2689075630252,827.4626865671642
108,,,,,,,,,,,,,,VD.BA,14.6,14.75,14.0,14.2,82.0,BUE,USD,Visa ,1.0,13.8,14.65,10.0,V,V.BA,10700.0,11104.5,10555.0,10941.0,4747.0,BUE,ARS,Visa ,2.0,10934.0,10980.0,43.0,732.8767123287671,746.3481228668942,795.6521739130434
109,,,,,,,,,,,,,,VISTD.BA,32.25,33.4,30.95,31.35,5803.0,BUE,USD,Vista Energy S.A.B. De C.V.,215.0,31.3,32.0,67.0,VIST,VIST.BA,25800.0,25800.0,24763.0,25376.5,26819.0,BUE,ARS,Vista Energy S.A.B. De C.V.,8.0,25516.0,25530.0,3.0,800.0,797.375,815.6549520766773
110,,,,,,,,,,,,,,VZD.BA,17.7,18.35,17.15,17.4,80.0,BUE,USD,Verizon Communications,7.0,17.4,17.85,43.0,VZ,VZ.BA,13221.0,13836.0,13110.0,13782.5,1645.0,BUE,ARS,Verizon Communications,1.0,13720.0,13780.0,17.0,746.9491525423729,768.627450980392,791.9540229885058
111,,,,,,,,,,,,,,WBAD.BA,8.8,8.8,8.5,8.5,61.0,BUE,USD,Walgreens Boots Alliance Inc,44.0,8.0,8.74,4.0,WBA,WBA.BA,6335.0,6554.0,6199.5,6517.0,4204.0,BUE,ARS,Walgreens Boots Alliance Inc.,3.0,6478.0,6517.0,1500.0,719.8863636363636,741.1899313501144,814.625
112,,,,,,,,,,,,,,WFCD.BA,8.27,8.44,8.27,8.36,0.0,BUE,USD,Wells Fargo,45.0,7.74,8.25,8.0,WFC,WFC.BA,6401.5,6719.5,6401.0,6644.5,4571.0,BUE,ARS,Wells Fargo,1.0,6631.0,6655.0,1997.0,774.0628778718259,803.7575757575758,859.8191214470284
113,,,,,,,,,,,,,,WMTD.BA,28.0,29.6,27.8,29.55,483.0,BUE,USD,Walmart,5.0,28.35,30.0,7.0,WMT,WMT.BA,22300.0,23109.0,22000.5,22869.0,6346.0,BUE,ARS,Walmart,4.0,23335.5,25000.0,3.0,796.4285714285714,777.85,881.8342151675485
114,,,,,,,,,,,,,,XD.BA,12.0,12.0,12.0,12.0,0.0,BUE,USD,United States Steel,20.0,7.0,11.5,19.0,X,X.BA,9100.0,9445.0,8941.5,9438.0,1036.0,BUE,ARS,United States Steel,3500.0,9423.5,9455.0,5.0,758.3333333333334,819.4347826086956,1350.7142857142858
115,,,,,,,,,,,,,,XLED.BA,58.0,58.0,56.9,56.9,49.0,BUE,USD,Etf Spdr Energy Sector,5.0,45.4,56.9,82.0,XLE,XLE.BA,37000.0,38355.0,36348.0,38122.5,4490.0,BUE,ARS,Etf Spdr Energy Sector,1.0,38014.0,38355.0,2.0,637.9310344827586,668.0843585237259,844.8237885462555
116,,,,,,,,,,,,,,XLFD.BA,17.3,17.3,16.65,17.0,55.0,BUE,USD,Etf Spdr Financial Sector,12.0,17.0,18.35,1.0,XLF,XLF.BA,13600.0,14095.5,13412.0,13913.5,3233.0,BUE,ARS,Etf Spdr Financial Sector,2.0,13811.0,13930.0,96.0,786.1271676300578,752.6430517711171,819.4117647058823
117,,,,,,,,,,,,,,XOMD.BA,23.95,25.35,23.95,24.85,94.0,BUE,USD,Exxon Mobil,87.0,24.5,28.9,8.0,XOM,XOM.BA,19928.0,20162.0,19052.5,19948.0,5671.0,BUE,ARS,Exxon Mobil,6.0,19925.0,20005.0,3.0,832.0668058455115,689.446366782007,816.530612244898
118,,,,,,,,,,,,,,ZMD.BA,1.69,1.69,1.69,1.69,2.0,BUE,USD,Zoom Video Communications Inc,10.0,1.5,2.3,137.0,ZM,ZM.BA,1234.5,1260.0,1204.0,1256.0,5497.0,BUE,ARS,Zoom Video Communications Inc.,11.0,1240.0,1260.0,1.0,730.4733727810651,539.1304347826087,840.0
119,,,,,,,,,,,,,,,,,,,,,,,,,,,ADBE,ADBE.BA,19799.0,20205.0,19150.0,19949.5,818.0,BUE,ARS,Adobe Systems Incorporated,1.0,350.0,19950.0,4.0,,,
120,,,,,,,,,,,,,,,,,,,,,,,,,,,ADGO,ADGO.BA,18453.0,18987.5,18247.5,18916.5,6524.0,BUE,ARS,Adecoagro,3.0,18736.0,18951.5,7.0,,,
121,,,,,,,,,,,,,,,,,,,,,,,,,,,ADI,ADI.BA,9685.5,9999.0,9555.0,9931.5,150.0,BUE,ARS,Analog Devices,20.0,9700.0,9892.0,1000.0,,,
122,,,,,,,,,,,,,,,,,,,,,,,,,,,ADP,ADP.BA,33527.5,33527.5,33527.5,33527.5,2.0,BUE,ARS,Automatic Data Processing Inc,400.0,34336.5,34664.5,400.0,,,
123,,,,,,,,,,,,,,,,,,,,,,,,,,,ADS,ADS.BA,3980.0,3980.0,3980.0,3980.0,0.0,BUE,ARS,Adidas Ag,2.0,3980.0,0.0,0.0,,,
124,,,,,,,,,,,,,,,,,,,,,,,,,,,AEM,AEM.BA,12095.5,13000.0,12028.0,12752.5,1919.0,BUE,ARS,Agnico Eagle Mines Limited,1.0,8000.0,13000.0,3.0,,,
125,,,,,,,,,,,,,,,,,,,,,,,,,,,AIG,AIG.BA,9843.5,10300.0,9702.0,10232.5,113.0,BUE,ARS,American International Group,8.0,9785.5,10300.0,9.0,,,
126,,,,,,,,,,,,,,,,,,,,,,,,,,,AMAT,AMAT.BA,23153.0,24450.0,22730.0,24450.0,178.0,BUE,ARS,Applied Materials,4.0,23000.0,24500.0,6.0,,,
127,,,,,,,,,,,,,,,,,,,,,,,,,,,AMGN,AMGN.BA,21943.0,22779.5,21641.0,22549.0,397.0,BUE,ARS,Amgen,3.0,22000.0,22642.0,2.0,,,
128,,,,,,,,,,,,,,,,,,,,,,,,,,,AMX,AMX.BA,14150.0,14351.5,13751.0,14130.0,1010.0,BUE,ARS,America Movil,1700.0,14134.5,14221.5,1700.0,,,
129,,,,,,,,,,,,,,,,,,,,,,,,,,,ANF,ANF.BA,48619.0,48619.0,46726.0,48148.0,407.0,BUE,ARS,Abercrombie & Fitch Co.,1.0,46524.5,48062.5,600.0,,,
130,,,,,,,,,,,,,,,,,,,,,,,,,,,AOCA,AOCA.BA,9573.0,9600.0,9410.0,9450.0,117.0,BUE,ARS,Aluminum Corporation Of China Limited,2.0,8700.0,9450.0,20.0,,,
131,,,,,,,,,,,,,,,,,,,,,,,,,,,ARCO,ARCO.BA,15743.0,15743.0,15046.5,15354.0,3208.0,BUE,ARS,Arcos Dorados Holdings,2000.0,15355.5,15453.5,800.0,,,
132,,,,,,,,,,,,,,,,,,,,,,,,,,,ASR,ASR.BA,9923.5,10278.5,9923.5,10278.5,0.0,BUE,ARS,Grupo Aeroportuario Del Sureste Sab De Cv,2.0,9730.0,10327.0,2500.0,,,
133,,,,,,,,,,,,,,,,,,,,,,,,,,,AVY,AVY.BA,8414.0,8657.5,8256.0,8555.0,280.0,BUE,ARS,Avery Dennison,3200.0,8546.5,8659.5,3200.0,,,
134,,,,,,,,,,,,,,,,,,,,,,,,,,,BB,BB.BA,1230.0,1265.0,1166.0,1260.0,3582.0,BUE,ARS,Blackberry,34.0,1230.0,1265.0,17.0,,,
135,,,,,,,,,,,,,,,,,,,,,,,,,,,BCS,BCS.BA,6324.5,6539.0,6184.0,6539.0,98.0,BUE,ARS,Barclays,5.0,6378.0,6496.5,10.0,,,
136,,,,,,,,,,,,,,,,,,,,,,,,,,,BHP,BHP.BA,22863.5,23822.0,22603.0,23744.5,2045.0,BUE,ARS,BHP Billiton Ltd.,4.0,23482.0,23800.0,1.0,,,
137,,,,,,,,,,,,,,,,,,,,,,,,,,,BIIB,BIIB.BA,15920.0,16692.0,15844.5,16577.0,104.0,BUE,ARS,Biogen Inc.,1.0,16388.0,17181.5,1.0,,,
138,,,,,,,,,,,,,,,,,,,,,,,,,,,BK,BK.BA,17473.5,18064.5,17040.5,17850.0,124.0,BUE,ARS,Bank of New York Mellon,1300.0,17676.5,17830.5,10.0,,,
139,,,,,,,,,,,,,,,,,,,,,,,,,,,BMY,BMY.BA,15930.0,16590.5,15752.5,16519.0,135.0,BUE,ARS,Bristol-Myers Squibb Co,2.0,15877.0,16551.5,600.0,,,
140,,,,,,,,,,,,,,,,,,,,,,,,,,,BNG,BNG.BA,17367.5,18404.0,17367.5,18247.5,104.0,BUE,ARS,Bunge Limited,1700.0,18192.5,18288.5,1700.0,,,
141,,,,,,,,,,,,,,,,,,,,,,,,,,,BRFS,BRFS.BA,5130.0,5303.0,5043.0,5247.5,1615.0,BUE,ARS,BRF S.A.,3.0,5185.0,5346.0,50.0,,,
142,,,,,,,,,,,,,,,,,,,,,,,,,,,BSBR,BSBR.BA,4220.5,4342.0,4150.0,4290.5,646.0,BUE,ARS,Banco Santander (Brasil),4.0,4250.0,4400.0,2.0,,,
143,,,,,,,,,,,,,,,,,,,,,,,,,,,C,C.BA,11231.5,11536.0,11000.0,11415.0,5910.0,BUE,ARS,Citigroup,2.0,11384.0,11536.0,1.0,,,
144,,,,,,,,,,,,,,,,,,,,,,,,,,,CAAP,CAAP.BA,45050.5,45500.0,44709.0,45000.0,1505.0,BUE,ARS,Corporación América Airports S.A.,900.0,44946.5,45324.0,900.0,,,
145,,,,,,,,,,,,,,,,,,,,,,,,,,,CAH,CAH.BA,24074.0,25082.5,24074.0,24779.0,61.0,BUE,ARS,Cardinal Health,1.0,24771.0,25084.5,600.0,,,
146,,,,,,,,,,,,,,,,,,,,,,,,,,,CAR,CAR.BA,5548.5,5659.0,5408.5,5631.5,24.0,BUE,ARS,Avis Budget Group Inc.,1.0,5410.0,7077.0,3.0,,,
147,,,,,,,,,,,,,,,,,,,,,,,,,,,CDE,CDE.BA,1734.5,1833.5,1697.0,1795.5,11028.0,BUE,ARS,Coeur Mining,49.0,1731.0,1820.0,273.0,,,
148,,,,,,,,,,,,,,,,,,,,,,,,,,,CL,CL.BA,19809.0,20650.0,19624.0,20379.5,80.0,BUE,ARS,Colgate-Palmolive,1.0,19800.0,20650.0,4.0,,,
149,,,,,,,,,,,,,,,,,,,,,,,,,,,COST,COST.BA,10150.0,10480.0,9753.0,10193.0,1219.0,BUE,ARS,Costco Wholesale,10.0,10192.0,10192.0,1200.0,,,
150,,,,,,,,,,,,,,,,,,,,,,,,,,,CRM,CRM.BA,9371.5,9600.0,9174.5,9524.5,1650.0,BUE,ARS,Salesforce.com Inc.,100.0,0.01,10200.0,11.0,,,
151,,,,,,,,,,,,,,,,,,,,,,,,,,,CX,CX.BA,5389.0,5395.5,5165.0,5244.0,597.0,BUE,ARS,Cemex,13.0,5182.0,5312.5,20.0,,,
152,,,,,,,,,,,,,,,,,,,,,,,,,,,DD,DD.BA,12226.5,12843.5,12226.5,12739.0,39.0,BUE,ARS,Dupont Corporation,7.0,12102.5,12727.0,2150.0,,,
153,,,,,,,,,,,,,,,,,,,,,,,,,,,DEO,DEO.BA,20350.5,21175.0,20350.5,21150.0,197.0,BUE,ARS,CEDEAR DIAGEO PL,10.0,21100.0,21150.0,8.0,,,
154,,,,,,,,,,,,,,,,,,,,,,,,,,,E,E.BA,6520.0,6580.0,6520.0,6580.0,83.0,BUE,ARS,ENI Spa,2000.0,6616.5,6681.5,2000.0,,,
155,,,,,,,,,,,,,,,,,,,,,,,,,,,EBR,EBR.BA,23324.0,24482.0,23324.0,23647.5,16.0,BUE,ARS,Centrais Elétricas Brasileiras S.A. - Eletrobrás,600.0,23393.5,23878.0,1.0,,,
156,,,,,,,,,,,,,,,,,,,,,,,,,,,EFX,EFX.BA,9219.5,9443.5,9219.5,9443.5,7.0,BUE,ARS,Equifax Inc.,2500.0,9561.0,9655.0,1000.0,,,
157,,,,,,,,,,,,,,,,,,,,,,,,,,,ERIC,ERIC.BA,1988.5,2109.0,1985.0,2081.0,1358.0,BUE,ARS,LM Ericsson Telephone,10.0,2051.0,2093.0,4.0,,,
158,,,,,,,,,,,,,,,,,,,,,,,,,,,FCX,FCX.BA,10200.0,10800.0,9947.0,10700.0,150.0,BUE,ARS,Freeport-Mcmoran Copper & Gold,5.0,10310.5,10790.0,5.0,,,
159,,,,,,,,,,,,,,,,,,,,,,,,,,,FMX,FMX.BA,15448.5,15705.5,15109.5,15702.5,54.0,BUE,ARS,Femsa,2400.0,15587.5,15678.0,2400.0,,,
160,,,,,,,,,,,,,,,,,,,,,,,,,,,FSLR,FSLR.BA,42155.5,43750.0,41560.5,43286.0,307.0,BUE,ARS,First Solar,10.0,42500.0,43770.0,1.0,,,
161,,,,,,,,,,,,,,,,,,,,,,,,,,,GFI,GFI.BA,8731.5,9556.5,8731.5,9348.0,351.0,BUE,ARS,Gold Fields,1.0,9556.5,9556.5,4.0,,,
162,,,,,,,,,,,,,,,,,,,,,,,,,,,GGB,GGB.BA,15450.0,15837.5,15170.0,15444.5,287.0,BUE,ARS,Gerdau,3.0,15375.0,15837.5,2.0,,,
163,,,,,,,,,,,,,,,,,,,,,,,,,,,GLW,GLW.BA,6254.5,6522.0,6181.5,6522.0,523.0,BUE,ARS,Corning,1600.0,6444.5,6504.5,1600.0,,,
164,,,,,,,,,,,,,,,,,,,,,,,,,,,GRMN,GRMN.BA,28958.5,30126.0,28671.0,29848.0,33.0,BUE,ARS,Garmin LTD.,400.0,29578.5,29855.0,400.0,,,
165,,,,,,,,,,,,,,,,,,,,,,,,,,,HD,HD.BA,7804.0,7950.0,7485.5,7924.5,555.0,BUE,ARS,Home Depot,10.0,7815.0,7823.0,10.0,,,
166,,,,,,,,,,,,,,,,,,,,,,,,,,,HDB,HDB.BA,24052.5,24052.5,24052.5,24052.5,0.0,BUE,ARS,HDFC BANK,400.0,24676.0,24855.5,400.0,,,
167,,,,,,,,,,,,,,,,,,,,,,,,,,,HL,HL.BA,3051.5,3214.0,3046.0,3210.5,927.0,BUE,ARS,Hecla Mining,16.0,3180.0,3240.0,796.0,,,
168,,,,,,,,,,,,,,,,,,,,,,,,,,,HMC,HMC.BA,27500.0,28204.5,26889.5,28175.0,104.0,BUE,ARS,Honda Motor,3.0,26941.5,29062.0,2.0,,,
169,,,,,,,,,,,,,,,,,,,,,,,,,,,HOG,HOG.BA,8827.5,9206.5,8757.5,9127.5,75.0,BUE,ARS,Harley Davidson,9.0,8656.5,9163.5,1140.0,,,
170,,,,,,,,,,,,,,,,,,,,,,,,,,,HON,HON.BA,19038.5,19606.5,19038.5,19413.0,99.0,BUE,ARS,Honeywell International,22.0,18698.0,20000.0,6.0,,,
171,,,,,,,,,,,,,,,,,,,,,,,,,,,HPQ,HPQ.BA,21700.0,22889.5,21665.0,22500.5,1222.0,BUE,ARS,Hewlett-Packard,13.0,22500.0,22690.0,15.0,,,
172,,,,,,,,,,,,,,,,,,,,,,,,,,,HSBC,HSBC.BA,16308.5,16972.5,16308.5,16935.0,59.0,BUE,ARS,Hsbc Holdings,1800.0,16914.0,17000.5,800.0,,,
173,,,,,,,,,,,,,,,,,,,,,,,,,,,HSY,HSY.BA,7828.5,8200.0,7780.0,8109.0,1547.0,BUE,ARS,Hershey,2.0,8067.0,8192.0,27.0,,,
174,,,,,,,,,,,,,,,,,,,,,,,,,,,HWM,HWM.BA,37464.5,39447.5,37464.5,39000.0,266.0,BUE,ARS,Howmet Aerospace,400.0,39047.0,42000.0,4.0,,,
175,,,,,,,,,,,,,,,,,,,,,,,,,,,IFF,IFF.BA,4550.0,4578.5,4550.0,4575.0,82.0,BUE,ARS,INTL FLAVORS & FRAGRANCES,5.0,4561.0,4690.0,1.0,,,
176,,,,,,,,,,,,,,,,,,,,,,,,,,,INFY,INFY.BA,14311.0,14610.0,14221.5,14603.5,19.0,BUE,ARS,InfoSys LTD,1700.0,14511.5,14700.0,7.0,,,
177,,,,,,,,,,,,,,,,,,,,,,,,,,,ING,ING.BA,3552.0,3732.0,3552.0,3722.0,316.0,BUE,ARS,CEDEAR ING GROUP,7000.0,3672.5,3745.0,7000.0,,,
178,,,,,,,,,,,,,,,,,,,,,,,,,,,IP,IP.BA,7319.0,7599.5,7270.0,7599.5,131.0,BUE,ARS,International Paper,1.0,7600.0,11000.0,1.0,,,
179,,,,,,,,,,,,,,,,,,,,,,,,,,,JD,JD.BA,11939.0,12434.0,11760.0,12258.5,2122.0,BUE,ARS,Jd.Com,2.0,12200.5,12295.0,59.0,,,
180,,,,,,,,,,,,,,,,,,,,,,,,,,,KMB,KMB.BA,16735.0,17660.5,16735.0,17402.0,134.0,BUE,ARS,Kimberly-Clark,1.0,17243.5,17433.5,1600.0,,,
181,,,,,,,,,,,,,,,,,,,,,,,,,,,KOF,KOFM.BA,32000.0,33048.0,32000.0,32915.0,49.0,BUE,ARS,Coca-Cola Femsa,8.0,32723.5,33048.0,3.0,,,
182,,,,,,,,,,,,,,,,,,,,,,,,,,,LLY,LLY.BA,54731.0,57137.0,53801.0,56648.0,207.0,BUE,ARS,Eli Lilly,1.0,56425.0,59000.0,2.0,,,
183,,,,,,,,,,,,,,,,,,,,,,,,,,,LRCX,LRCX.BA,9227.5,9596.5,9175.5,9502.5,707.0,BUE,ARS,LAM RESEARCH CORP.,100.0,9380.0,9530.0,15.0,,,
184,,,,,,,,,,,,,,,,,,,,,,,,,,,LVS,LVS.BA,18886.5,19475.0,18650.0,19259.5,34.0,BUE,ARS,Las Vegas Sands,1.0,18650.5,19361.5,1200.0,,,
185,,,,,,,,,,,,,,,,,,,,,,,,,,,LYG,LYG.BA,855.0,889.5,828.0,860.5,841.0,BUE,ARS,Lloyds Banking Group,2.0,859.0,877.0,63.0,,,
186,,,,,,,,,,,,,,,,,,,,,,,,,,,MDT,MDT.BA,16017.0,16546.0,15849.0,16375.0,152.0,BUE,ARS,Medtronic,1.0,16343.0,16534.0,600.0,,,
187,,,,,,,,,,,,,,,,,,,,,,,,,,,MMC,MMC.BA,9866.5,10207.0,9866.5,10130.0,33.0,BUE,ARS,Marsh & McLennan,1400.0,10104.5,10196.0,1400.0,,,
188,,,,,,,,,,,,,,,,,,,,,,,,,,,MOS,MOS.BA,5824.5,5975.5,5765.0,5917.0,457.0,BUE,ARS,The Mosaic Co,15.0,5821.0,12000.0,1.0,,,
189,,,,,,,,,,,,,,,,,,,,,,,,,,,MSI,MSI.BA,11243.0,11766.0,11121.0,11623.5,293.0,BUE,ARS,Motorola,7.0,11180.0,11719.5,1.0,,,
190,,,,,,,,,,,,,,,,,,,,,,,,,,,NEM,NEM.BA,9790.0,10334.0,9790.0,10255.0,149.0,BUE,ARS,Newmont Mining Corporation,7.0,10085.0,10255.0,16.0,,,
191,,,,,,,,,,,,,,,,,,,,,,,,,,,NGG,NGG.BA,24531.0,24531.0,24531.0,24531.0,2.0,BUE,ARS,National Grid,3.0,24050.5,24981.5,1100.0,,,
192,,,,,,,,,,,,,,,,,,,,,,,,,,,NOKA,NOKA.BA,3063.5,3201.0,3051.0,3181.5,203.0,BUE,ARS,Nokia,10.0,3145.0,3201.0,3.0,,,
193,,,,,,,,,,,,,,,,,,,,,,,,,,,NTCO,NTCO.BA,4636.0,4933.5,4636.0,4809.5,940.0,BUE,ARS,Cedear Natura & Co Holding Sa,3000.0,4818.5,4919.5,1.0,,,
194,,,,,,,,,,,,,,,,,,,,,,,,,,,NTES,NTES.BA,5826.0,6145.5,5826.0,6036.0,226.0,BUE,ARS,"Netease, Inc.",5200.0,6047.5,6111.0,2400.0,,,
195,,,,,,,,,,,,,,,,,,,,,,,,,,,NUE,NUE.BA,8143.5,8510.5,8000.0,8357.5,195.0,BUE,ARS,Nucor,1.0,8358.0,8466.5,1300.0,,,
196,,,,,,,,,,,,,,,,,,,,,,,,,,,ORAN,ORAN.BA,9414.0,9767.0,9389.0,9764.5,29.0,BUE,ARS,Orange,3200.0,9715.0,9785.0,3200.0,,,
197,,,,,,,,,,,,,,,,,,,,,,,,,,,ORCL,ORCL.BA,29100.0,30289.5,28708.5,30049.5,402.0,BUE,ARS,Oracle,1.0,29868.0,30049.5,8.0,,,
198,,,,,,,,,,,,,,,,,,,,,,,,,,,PBI,PBI.BA,2900.5,3257.5,2900.5,3257.5,4757.0,BUE,ARS,Pitney Bowes,4.0,3230.5,3258.0,10.0,,,
199,,,,,,,,,,,,,,,,,,,,,,,,,,,PHG,PHG.BA,3276.0,3396.0,3213.0,3353.0,5450.0,BUE,ARS,Phillips Electronics,4000.0,3332.5,3376.0,4001.0,,,
200,,,,,,,,,,,,,,,,,,,,,,,,,,,PKS,PKS.BA,27905.5,28758.0,27488.5,28367.0,117.0,BUE,ARS,Posco Holdings Inc.,1.0,27254.5,28500.0,2.0,,,
201,,,,,,,,,,,,,,,,,,,,,,,,,,,PSX,PSX.BA,16208.0,16774.0,15889.5,16731.0,126.0,BUE,ARS,Phillips 66,1.0,16550.0,16675.5,800.0,,,
202,,,,,,,,,,,,,,,,,,,,,,,,,,,RBLX,RBLX.BA,11928.5,12400.0,11735.0,12220.0,357.0,BUE,ARS,Roblox Corporation,3.0,10208.0,12336.0,3.0,,,
203,,,,,,,,,,,,,,,,,,,,,,,,,,,RTX,RTX.BA,12077.0,12260.0,11801.0,12216.5,3219.0,BUE,ARS,United Technologies,1.0,11875.0,12248.0,1.0,,,
204,,,,,,,,,,,,,,,,,,,,,,,,,,,SAN,SAN.BA,12152.0,12595.0,12152.0,12533.5,31.0,BUE,ARS,Banco Santander (Cedear),58.0,12500.0,12705.0,1000.0,,,
205,,,,,,,,,,,,,,,,,,,,,,,,,,,SAP,SAP.BA,17843.0,18437.0,17640.0,18437.0,25.0,BUE,ARS,SAP,15.0,17890.0,20400.0,29.0,,,
206,,,,,,,,,,,,,,,,,,,,,,,,,,,SBS,SBS.BA,19407.5,20209.5,19407.5,20209.5,7.0,BUE,ARS,COMPANHIA DE SANEAMENTO BÁSICO DO ESTADO DE SÃO PAULO-SABESP,800.0,19883.0,20071.5,800.0,,,
207,,,,,,,,,,,,,,,,,,,,,,,,,,,SBUX,SBUX.BA,18970.0,19659.0,18497.0,19341.0,516.0,BUE,ARS,Starbucks,1.0,19211.0,23000.0,5.0,,,
208,,,,,,,,,,,,,,,,,,,,,,,,,,,SCCO,SCCO.BA,30362.0,31661.5,30362.0,31525.5,18.0,BUE,ARS,Southern Copper,2.0,30209.5,32000.0,1.0,,,
209,,,,,,,,,,,,,,,,,,,,,,,,,,,SHEL,SHEL.BA,26419.5,27554.5,26040.5,27169.5,304.0,BUE,ARS,Shell Plc,1.0,27167.0,27780.0,1.0,,,
210,,,,,,,,,,,,,,,,,,,,,,,,,,,SLB,SLB.BA,16053.0,16892.0,15866.5,16877.0,490.0,BUE,ARS,Schlumberger,2.0,15868.0,16925.5,800.0,,,
211,,,,,,,,,,,,,,,,,,,,,,,,,,,SNA,SNA.BA,34896.0,36800.0,34292.5,36440.0,232.0,BUE,ARS,Snap-On,4.0,36450.0,36650.5,2.0,,,
212,,,,,,,,,,,,,,,,,,,,,,,,,,,SNAP,SNAP.BA,7115.0,7405.0,7019.0,7390.0,336.0,BUE,ARS,Snap Inc.,50.0,7285.5,7405.0,14.0,,,
213,,,,,,,,,,,,,,,,,,,,,,,,,,,SONY,SONY.BA,16800.0,17550.0,16784.0,17485.5,231.0,BUE,ARS,Sony Corporation,1500.0,17487.5,17586.0,1500.0,,,
214,,,,,,,,,,,,,,,,,,,,,,,,,,,SUZ,SUZ.BA,8980.5,9275.5,8952.0,9244.0,1130.0,BUE,ARS,Suzano,9.0,8782.5,9232.5,1600.0,,,
215,,,,,,,,,,,,,,,,,,,,,,,,,,,SYY,SYY.BA,6715.5,7100.0,6692.0,6999.5,140.0,BUE,ARS,Sysco,3.0,6799.0,6976.0,1528.0,,,
216,,,,,,,,,,,,,,,,,,,,,,,,,,,TCOM,TCOM.BA,14196.5,14354.0,14196.5,14354.0,6.0,BUE,ARS,Trip.com Group,800.0,14249.5,14376.0,800.0,,,
217,,,,,,,,,,,,,,,,,,,,,,,,,,,TEFOF,TEFO.BA,414.5,430.5,396.5,416.0,4368.0,BUE,ARS,Telefonica Sa,92.0,416.0,430.0,103.0,,,
218,,,,,,,,,,,,,,,,,,,,,,,,,,,TGT,TGT.BA,3784.5,3883.0,3686.5,3857.0,3903.0,BUE,ARS,Target Corporation,2.0,3850.0,3879.0,2.0,,,
219,,,,,,,,,,,,,,,,,,,,,,,,,,,TIMB,TIMB.BA,12051.0,12408.0,12051.0,12408.0,6.0,BUE,ARS,Tim Participações S.A.,7.0,11865.5,12461.0,1000.0,,,
220,,,,,,,,,,,,,,,,,,,,,,,,,,,TMO,TMO.BA,18857.0,19699.0,18789.5,19550.0,42.0,BUE,ARS,Thermo Fisher Scientific Inc.,600.0,19495.5,19697.0,1.0,,,
221,,,,,,,,,,,,,,,,,,,,,,,,,,,TRIP,TRIP.BA,6809.5,6925.0,6652.0,6783.0,699.0,BUE,ARS,Tripadvisor Inc.,2700.0,6787.0,6831.5,2000.0,,,
222,,,,,,,,,,,,,,,,,,,,,,,,,,,TSM,TSM.BA,8090.0,8301.5,7897.5,8151.5,2001.0,BUE,ARS,Taiwan Semiconductor Manufacturing Cedear,1.0,8100.0,8170.0,49.0,,,
223,,,,,,,,,,,,,,,,,,,,,,,,,,,TTE,TTE.BA,17704.0,18559.0,17704.0,18559.0,151.0,BUE,ARS,Total,41.0,18000.0,18561.5,800.0,,,
224,,,,,,,,,,,,,,,,,,,,,,,,,,,TV,TV.BA,844.0,859.0,809.5,854.5,2733.0,BUE,ARS,Grupo Televisa,14.0,840.0,859.0,364.0,,,
225,,,,,,,,,,,,,,,,,,,,,,,,,,,TXN,TXN.BA,26200.5,27317.0,26198.0,27060.0,206.0,BUE,ARS,Texas Instruments,1.0,26900.0,27204.5,1000.0,,,
226,,,,,,,,,,,,,,,,,,,,,,,,,,,UGP,UGP.BA,2942.5,3053.5,2933.0,3023.5,148.0,BUE,ARS,Ultrapar Participacoes,5000.0,2971.0,3044.0,2.0,,,
227,,,,,,,,,,,,,,,,,,,,,,,,,,,UL,UL.BA,13628.0,14180.0,13490.0,13989.0,310.0,BUE,ARS,Unilever,17.0,13750.0,14094.0,1.0,,,
228,,,,,,,,,,,,,,,,,,,,,,,,,,,USB,USB.BA,5262.5,5471.5,5200.0,5400.5,807.0,BUE,ARS,CEDEAR U.S.Banco,1.0,5378.0,5426.0,3400.0,,,
229,,,,,,,,,,,,,,,,,,,,,,,,,,,VIV,VIV.BA,7202.5,7369.0,7144.5,7369.0,281.0,BUE,ARS,Telefonica Brasil,1800.0,7290.5,7364.5,1800.0,,,
230,,,,,,,,,,,,,,,,,,,,,,,,,,,VOD,VOD.BA,7435.5,8036.0,7435.5,8011.0,513.0,BUE,ARS,Vodafone Group,10.0,7768.0,8036.0,29.0,,,
231,,,,,,,,,,,,,,,,,,,,,,,,,,,VRSN,VRSN.BA,28266.5,28266.5,28266.5,28266.5,0.0,BUE,ARS,Verisign,1.0,1.0,29023.5,400.0,,,
232,,,,,,,,,,,,,,,,,,,,,,,,,,,WBO,WBO.BA,1691.5,1763.0,1691.5,1760.5,2188.0,BUE,ARS,CEDEAR WEIBO CORPORATION,1.0,1715.0,1761.0,5500.0,,,
233,,,,,,,,,,,,,,,,,,,,,,,,,,,XP,XP.BA,4660.5,4749.0,4600.5,4684.0,111.0,BUE,ARS,XP INC.,1.0,4600.0,4648.0,4300.0,,,
234,,,,,,,,,,,,,,,,,,,,,,,,,,,XRX,XROX.BA,12841.0,13207.0,12712.0,13103.0,24.0,BUE,ARS,Xerox,2.0,12880.0,13184.5,1000.0,,,
235,,,,,,,,,,,,,,,,,,,,,,,,,,,YELP,YELP.BA,17369.5,17583.5,17168.5,17583.5,11.0,BUE,ARS,Yelp Inc,4.0,17202.5,18135.5,2000.0,,,
236,,,,,,,,,,,,,,,,,,,,,,,,,,,YY,YY.BA,6399.5,6696.5,6350.0,6630.0,95.0,BUE,ARS,YY Inc.,4.0,6610.5,7499.0,4.0,,,
